First Name,Last Name,Mailing Address,Mailing City,Mailing State,Mailing Zip,Property Address,Property City,Property State,Property Zip,Lead Type,Document Type,Date Filed,Document Number,Amount/Debt Owed,Seller Score,Motivated Seller Flags,Source,Public Records URL,Tags
Erik,Ausler,,,,,,,GA,,Pre-Foreclosure,Notice of Sale Under Power,2026-09-16,GPN-811716ad05d427c1,,65,Pre-foreclosure; New this week,Georgia Public Notice (legal organ advertisement),https://www.georgiapublicnotice.com/search.aspx,"fayettescraper,preforeclosure"
Mary Louise Crowley,Shuman,,,,,,,GA,,Probate / Estate,Legal Notice (PRO),2026-10-08,GPN-8fac25611168d014,,60,Probate / estate; New this week,Georgia Public Notice (legal organ advertisement),https://www.georgiapublicnotice.com/search.aspx,"fayettescraper,probate"
Jimmy Bird,Deloach,,,,,,,GA,,Probate / Estate,Legal Notice (PRO),2026-10-08,GPN-01c3d02180f697a4,,60,Probate / estate; New this week,Georgia Public Notice (legal organ advertisement),https://www.georgiapublicnotice.com/search.aspx,"fayettescraper,probate"
Joan W,Steptoe,,,,,,,GA,,Probate / Estate,Legal Notice (PRO),2026-10-08,GPN-43693cf787e6f460,,60,Probate / estate; New this week,Georgia Public Notice (legal organ advertisement),https://www.georgiapublicnotice.com/search.aspx,"fayettescraper,probate"
Jacqueline Faye Strickland,Deceased,,,,,,,GA,,Probate / Estate,Legal Notice (PRO),2026-10-08,GPN-2a0ac06c0c511533,,60,Probate / estate; New this week,Georgia Public Notice (legal organ advertisement),https://www.georgiapublicnotice.com/search.aspx,"fayettescraper,probate"
Sheryl Lynn Kirby,Deceased,,,,,,,GA,,Probate / Estate,Legal Notice (PRO),2026-10-08,GPN-514383fe0808ecf7,,60,Probate / estate; New this week,Georgia Public Notice (legal organ advertisement),https://www.georgiapublicnotice.com/search.aspx,"fayettescraper,probate"
Ariel,Duchesne,,,,,,,GA,,Probate / Estate,Legal Notice (PRO),2026-10-08,GPN-2928e252bc5fb5f5,,60,Probate / estate; New this week,Georgia Public Notice (legal organ advertisement),https://www.georgiapublicnotice.com/search.aspx,"fayettescraper,probate"
Whom It May,Concern,,,,,,,GA,,Probate / Estate,Legal Notice (PRO),2026-10-08,GPN-15e8e384eebcac71,,60,Probate / estate; New this week,Georgia Public Notice (legal organ advertisement),https://www.georgiapublicnotice.com/search.aspx,"fayettescraper,probate"
Barbara Denice Ward,Deceased,,,,,,,GA,,Probate / Estate,Legal Notice (PRO),2026-10-08,GPN-c3fbce4eda8b4395,,60,Probate / estate; New this week,Georgia Public Notice (legal organ advertisement),https://www.georgiapublicnotice.com/search.aspx,"fayettescraper,probate"
Gloria Jean Betty,Robertson,,,,,,,GA,,Probate / Estate,Legal Notice (PRO),2026-10-08,GPN-a18727ee16051295,,60,Probate / estate; New this week,Georgia Public Notice (legal organ advertisement),https://www.georgiapublicnotice.com/search.aspx,"fayettescraper,probate"
